{
  "england": {
    "elo": 1944,
    "winRate": 0.45,
    "momentum": 0.6666666666666666,
    "batStrength": 0.864821832187494,
    "bowlStrength": 0.7287518434084271
  },
  "sri_lanka": {
    "elo": 1754,
    "winRate": 0.25,
    "momentum": 0.3333333333333333,
    "batStrength": 0.7203312299639328,
    "bowlStrength": 0.5921704916594253
  },
  "india": {
    "elo": 2098,
    "winRate": 0.75,
    "momentum": 0.8,
    "batStrength": 0.870719998133253,
    "bowlStrength": 0.7772873726635817
  },
  "australia": {
    "elo": 2059,
    "winRate": 0.6,
    "momentum": 0.4,
    "batStrength": 0.7800211735927012,
    "bowlStrength": 0.8132385922270865
  },
  "south_africa": {
    "elo": 1958,
    "winRate": 0.65,
    "momentum": 0.8,
    "batStrength": 0.8245346643831403,
    "bowlStrength": 0.6759601553031861
  },
  "pakistan": {
    "elo": 1954,
    "winRate": 0.8,
    "momentum": 0.7333333333333333,
    "batStrength": 0.6972493714400975,
    "bowlStrength": 0.7848238387103303
  },
  "new_zealand": {
    "elo": 2001,
    "winRate": 0.7,
    "momentum": 0.5333333333333333,
    "batStrength": 0.8437556301999534,
    "bowlStrength": 0.734235357432689
  },
  "west_indies": {
    "elo": 1767,
    "winRate": 0.35,
    "momentum": 0.8,
    "batStrength": 0.7034725127778811,
    "bowlStrength": 0.6328929010746333
  },
  "zimbabwe": {
    "elo": 1637,
    "winRate": 0.45,
    "momentum": 0.3333333333333333,
    "batStrength": 0.6106367020720134,
    "bowlStrength": 0.6565574031245249
  },
  "namibia": {
    "elo": 1527,
    "winRate": 0.25,
    "momentum": 0,
    "batStrength": 0.4959653123495443,
    "bowlStrength": 0.5901589102707543
  },
  "canada": {
    "elo": 1532,
    "winRate": 0.4,
    "momentum": 0.26666666666666666,
    "batStrength": 0.5476275165879333,
    "bowlStrength": 0.6504188089581442
  },
  "bangladesh": {
    "elo": 1850,
    "winRate": 0.65,
    "momentum": 1,
    "batStrength": 0.7173429145752199,
    "bowlStrength": 0.7584781170797179
  },
  "kenya": {
    "elo": 1475,
    "winRate": 0.3,
    "momentum": 0.5333333333333333,
    "batStrength": 0.5018175491732594,
    "bowlStrength": 0.6526594199329872
  },
  "netherlands": {
    "elo": 1781,
    "winRate": 0.6,
    "momentum": 0.4,
    "batStrength": 0.5523840481305997,
    "bowlStrength": 0.6963647828680875
  },
  "united_states_of_america": {
    "elo": 1701,
    "winRate": 0.5,
    "momentum": 0.13333333333333333,
    "batStrength": 0.650843677518394,
    "bowlStrength": 0.7422217022988112
  },
  "africa_xi": {
    "elo": 1468,
    "winRate": 0.25,
    "momentum": 0.1,
    "batStrength": 1,
    "bowlStrength": 0.85
  },
  "asia_xi": {
    "elo": 1532,
    "winRate": 0.75,
    "momentum": 0.9,
    "batStrength": 1,
    "bowlStrength": 0.925
  },
  "icc_world_xi": {
    "elo": 1466,
    "winRate": 0.14285714285714285,
    "momentum": 0.2,
    "batStrength": 0.676,
    "bowlStrength": 0.5428571428571429
  },
  "ireland": {
    "elo": 1770,
    "winRate": 0.45,
    "momentum": 0.4,
    "batStrength": 0.6582140644012335,
    "bowlStrength": 0.6872871393245764
  },
  "bermuda": {
    "elo": 1556,
    "winRate": 0.75,
    "momentum": 0.6,
    "batStrength": 0.5205557745373415,
    "bowlStrength": 0.6988739298975605
  },
  "scotland": {
    "elo": 1784,
    "winRate": 0.75,
    "momentum": 0.6,
    "batStrength": 0.6256045666295731,
    "bowlStrength": 0.7917818200747566
  },
  "united_arab_emirates": {
    "elo": 1719,
    "winRate": 0.65,
    "momentum": 0.2,
    "batStrength": 0.5553247363857561,
    "bowlStrength": 0.7833150342010927
  },
  "hong_kong": {
    "elo": 1586,
    "winRate": 0.65,
    "momentum": 1,
    "batStrength": 0.5292468472279097,
    "bowlStrength": 0.6692614516922761
  },
  "bahamas": {
    "elo": 1327,
    "winRate": 0.3,
    "momentum": 0,
    "batStrength": 0.3915576636742647,
    "bowlStrength": 0.6202213167597961
  },
  "cayman_islands": {
    "elo": 1420,
    "winRate": 0.45,
    "momentum": 0.6,
    "batStrength": 0.5056421058838858,
    "bowlStrength": 0.5927098362712899
  },
  "argentina": {
    "elo": 1443,
    "winRate": 0.6,
    "momentum": 0.6,
    "batStrength": 0.4203964743365931,
    "bowlStrength": 0.6611279173123701
  },
  "italy": {
    "elo": 1686,
    "winRate": 0.6,
    "momentum": 0.26666666666666666,
    "batStrength": 0.5434014791738361,
    "bowlStrength": 0.6760822645934244
  },
  "nepal": {
    "elo": 1629,
    "winRate": 0.5,
    "momentum": 0.2,
    "batStrength": 0.604057653943678,
    "bowlStrength": 0.6679274362246036
  },
  "tanzania": {
    "elo": 1533,
    "winRate": 0.45,
    "momentum": 0,
    "batStrength": 0.41016505241513085,
    "bowlStrength": 0.6434868933010971
  },
  "denmark": {
    "elo": 1498,
    "winRate": 0.4,
    "momentum": 0,
    "batStrength": 0.5932435704701514,
    "bowlStrength": 0.6484215744469723
  },
  "singapore": {
    "elo": 1315,
    "winRate": 0.35,
    "momentum": 0.2,
    "batStrength": 0.453142398740605,
    "bowlStrength": 0.5947549189043244
  },
  "malaysia": {
    "elo": 1514,
    "winRate": 0.45,
    "momentum": 0,
    "batStrength": 0.44977744044835755,
    "bowlStrength": 0.5991741911241706
  },
  "ghana": {
    "elo": 1369,
    "winRate": 0.3,
    "momentum": 0.6,
    "batStrength": 0.40923427751983005,
    "bowlStrength": 0.6291052191372691
  },
  "vanuatu": {
    "elo": 1469,
    "winRate": 0.45,
    "momentum": 0.6666666666666666,
    "batStrength": 0.45784323767743096,
    "bowlStrength": 0.6542925672982105
  },
  "bhutan": {
    "elo": 1397,
    "winRate": 0.45,
    "momentum": 0.4,
    "batStrength": 0.42139160032818007,
    "bowlStrength": 0.6126038221028812
  },
  "japan": {
    "elo": 1532,
    "winRate": 0.55,
    "momentum": 0.13333333333333333,
    "batStrength": 0.4900730167684665,
    "bowlStrength": 0.6575595091505237
  },
  "samoa": {
    "elo": 1348,
    "winRate": 0.2,
    "momentum": 0.06666666666666667,
    "batStrength": 0.44277950551428935,
    "bowlStrength": 0.6250690569774517
  },
  "belgium": {
    "elo": 1479,
    "winRate": 0.35,
    "momentum": 0,
    "batStrength": 0.5769395733867151,
    "bowlStrength": 0.644636928210878
  },
  "norway": {
    "elo": 1528,
    "winRate": 0.6,
    "momentum": 0.7333333333333333,
    "batStrength": 0.4974374375617839,
    "bowlStrength": 0.6822831179683556
  },
  "oman": {
    "elo": 1721,
    "winRate": 0.8,
    "momentum": 0.8,
    "batStrength": 0.5475815173879772,
    "bowlStrength": 0.7273688114238784
  },
  "uganda": {
    "elo": 1678,
    "winRate": 0.55,
    "momentum": 0.3333333333333333,
    "batStrength": 0.43557021485900654,
    "bowlStrength": 0.7426066350165952
  },
  "thailand": {
    "elo": 1600,
    "winRate": 0.45,
    "momentum": 0,
    "batStrength": 0.4304522939183304,
    "bowlStrength": 0.786208995906283
  },
  "papua_new_guinea": {
    "elo": 1587,
    "winRate": 0.4,
    "momentum": 0.3333333333333333,
    "batStrength": 0.48444405415580183,
    "bowlStrength": 0.6750702491842306
  },
  "nigeria": {
    "elo": 1582,
    "winRate": 0.65,
    "momentum": 0.9333333333333333,
    "batStrength": 0.5066502465529801,
    "bowlStrength": 0.7461151255877058
  },
  "guernsey": {
    "elo": 1511,
    "winRate": 0.45,
    "momentum": 0,
    "batStrength": 0.5313724862174837,
    "bowlStrength": 0.6601588147926494
  },
  "jersey": {
    "elo": 1666,
    "winRate": 0.7,
    "momentum": 0.6666666666666666,
    "batStrength": 0.6246699025042105,
    "bowlStrength": 0.7419441525015589
  },
  "kuwait": {
    "elo": 1530,
    "winRate": 0.45,
    "momentum": 0.5333333333333333,
    "batStrength": 0.4938823432469236,
    "bowlStrength": 0.6406022760750909
  },
  "saudi_arabia": {
    "elo": 1458,
    "winRate": 0.45,
    "momentum": 0,
    "batStrength": 0.5007639158462842,
    "bowlStrength": 0.5863512666023543
  },
  "bahrain": {
    "elo": 1568,
    "winRate": 0.65,
    "momentum": 0,
    "batStrength": 0.5163297739887566,
    "bowlStrength": 0.6549697463871719
  },
  "maldives": {
    "elo": 1274,
    "winRate": 0.3,